id_prueba,id_con
prb29032,1
prb84822,2
prb43855,3
prb82337,4
prb92605,5
prb30741,6
prb00429,7
prb67122,8
prb47136,9
prb44665,10
prb34947,11
prb01247,12
prb56425,13
prb95162,14
prb22473,15
prb55423,16
prb65102,17
prb19507,18
prb64581,19
prb26204,20
prb38386,21
prb28187,22
prb83764,23
prb20729,24
prb82459,25
prb69873,26
prb40121,27
prb83567,28
prb63572,29
prb14744,30
prb72888,31
prb42700,32
prb18844,33
prb24144,34
prb87289,35
prb64711,36
prb16771,37
prb39463,38
prb15036,39
prb43091,40
prb66586,41
prb98340,42
prb92308,43
prb05121,44
prb66634,45
prb78917,46
prb66486,47
prb47595,48
prb99441,49
prb38744,50
prb28761,51
prb25997,52
prb96031,53
prb05480,54
prb99986,55
prb64141,56
prb90722,57
prb95951,58
prb98917,59
prb55820,60
prb26588,61
prb11252,62
prb91771,63
prb09012,64
prb08937,65
prb54550,66
prb62995,67
prb91253,68
prb66374,69
prb73473,70
prb50321,71
prb09589,72
prb82071,73
prb82014,74
prb55664,75
prb35467,76
prb57214,77
prb23128,78
prb70226,79
prb29845,80
prb16419,81
prb07709,82
prb22174,83
prb34450,84
prb81089,85
prb60749,86
prb80163,87
prb19622,88
prb06520,89
prb17402,90
prb06624,91
prb48281,92
prb78836,93
prb61459,94
prb19271,95
prb72981,96
prb13790,97
prb94742,98
prb62487,99
prb70612,100
prb26685,101
prb78054,102
prb26787,103
prb58239,104
prb93673,105
prb31785,106
prb43185,107
prb20798,108
prb78205,109
prb19767,110
prb17001,111
prb97048,112
prb89240,113
prb37290,114
prb91242,115
prb17110,116
prb21030,117
prb26378,118
prb53820,119
prb13277,120
prb40190,121
prb47319,122
prb70144,123
prb85649,124
prb99550,125
prb30451,126
prb51125,127
prb76091,128
prb13953,129
prb68283,130
prb21749,131
prb17271,132
prb14707,133
prb24983,134
prb98891,135
prb36051,136
prb03581,137
prb67724,138
prb46531,139
prb53989,140
prb93352,141
prb84000,142
prb32203,143
prb76131,144
prb31616,145
prb22059,146
prb62647,147
prb73663,148
prb60594,149
prb81840,150
prb15210,151
prb74031,152
prb15839,153
prb47819,154
prb86275,155
prb43361,156
prb40564,157
prb32813,158
prb15174,159
prb35200,160
prb81252,161
prb80602,162
prb03097,163
prb37347,164
prb59796,165
prb91251,166
prb93993,167
prb16200,168
prb45358,169
prb71572,170
prb92850,171
prb84392,172
prb12915,173
prb89416,174
prb09504,175
prb74267,176
prb21894,177
prb66477,178
prb87593,179
prb00911,180
prb43781,181
prb51624,182
prb44521,183
prb55882,184
prb80082,185
prb12510,186
prb40021,187
prb44881,188
prb56605,189
prb89921,190
prb79108,191
prb26680,192
prb69349,193
prb58170,194
prb58590,195
prb75397,196
prb92048,197
prb30686,198
prb05517,199
prb57270,200
prb57328,201
prb90356,202
prb10334,203
prb27166,204
prb80680,205
prb71697,206
prb77874,207
prb97155,208
prb70340,209
prb58531,210
prb24320,211
prb71687,212
prb46028,213
prb37827,214
prb36966,215
prb21391,216
prb06238,217
prb94026,218
prb91214,219
prb70241,220
prb90190,221
prb26721,222
prb41941,223
prb98485,224
prb37554,225
prb69204,226
prb84416,227
prb66223,228
prb79568,229
prb93485,230
prb38308,231
prb13749,232
prb17695,233
prb34945,234
prb34227,235
prb64025,236
prb99397,237
prb87873,238
prb48108,239
prb52811,240
prb39962,241
prb12787,242
prb95581,243
prb25755,244
prb18689,245
prb51362,246
prb27773,247
prb53728,248
prb77060,249
prb85788,250
prb06495,251
prb79560,252
prb08717,253
prb88557,254
prb16378,255
prb77257,256
prb27124,257
prb16341,258
prb80581,259
prb45845,260
prb68799,261
prb52596,262
prb14934,263
prb95261,264
prb83713,265
prb92712,266
prb37829,267
prb43037,268
prb10309,269
prb18988,270
prb81124,271
prb49566,272
prb51475,273
prb84257,274
prb71071,275
prb88425,276
prb39669,277
prb97717,278
prb55482,279
prb95373,280
prb80798,281
prb20905,282
prb20461,283
prb85543,284
prb97263,285
prb23270,286
prb28955,287
prb48040,288
prb92729,289
prb06730,290
prb98471,291
prb79027,292
prb72355,293
prb99668,294
prb71219,295
prb49937,296
prb24255,297
prb41984,298
prb65806,299
prb45213,300
prb98663,301
prb93084,302
prb29008,303
prb99317,304
prb28487,305
prb57542,306
prb38880,307
prb36334,308
prb80044,309
prb76968,310
prb53380,311
prb78921,312
prb34112,313
prb44214,314
prb46750,315
prb48379,316
prb01977,317
prb20468,318
prb08748,319
prb26204,320
prb12443,321
prb41328,322
prb83934,323
prb76277,324
prb13166,325
prb53785,326
prb98271,327
prb44722,328
prb23765,329
prb53651,330
prb17467,331
prb08401,332
prb53700,333
prb49615,334
prb62652,335
prb19819,336
prb19602,337
prb23581,338
prb30820,339
prb01323,340
prb30386,341
prb77480,342
prb98007,343
prb66638,344
prb19992,345
prb47284,346
prb90974,347
prb07513,348
prb93812,349
prb42300,350
prb02821,351
prb28830,352
prb59203,353
prb39588,354
prb65665,355
prb23733,356
prb70769,357
prb06441,358
prb34858,359
prb78259,360
prb33455,361
prb89529,362
prb13358,363
prb59330,364
prb82105,365
prb51513,366
prb83812,367
prb92684,368
prb15532,369
prb43780,370
prb15007,371
prb26737,372
prb74005,373
prb63709,374
prb10980,375
prb35812,376
prb72766,377
prb81930,378
prb30231,379
prb44927,380
prb99632,381
prb31499,382
prb86894,383
prb84173,384
prb52166,385
prb68696,386
prb00023,387
prb29347,388
prb73910,389
prb15209,390
prb69542,391
prb10277,392
prb80427,393
prb69556,394
prb12512,395
prb09238,396
prb57212,397
prb05347,398
prb25552,399
prb44353,400
prb39244,401
prb78322,402
prb57161,403
prb24109,404
prb66694,405
prb55754,406
prb72653,407
prb60114,408
prb12998,409
prb02500,410
prb64688,411
prb00816,412
prb95376,413
prb54793,414
prb26401,415
prb55552,416
prb18214,417
prb61120,418
prb02372,419
prb67231,420
prb16881,421
prb31915,422
prb19528,423
prb84412,424
prb20800,425
prb51739,426
prb72429,427
prb32320,428
prb62811,429
prb46045,430
prb03941,431
prb71309,432
prb87614,433
prb58676,434
prb08664,435
prb76006,436
prb09240,437
prb98027,438
prb23515,439
prb03809,440
prb76058,441
prb98049,442
prb85641,443
prb20573,444
prb78714,445
prb20668,446
prb05328,447
prb06001,448
prb37648,449
prb75157,450
prb36687,451
prb75248,452
prb42816,453
prb12834,454
prb90737,455
prb94226,456
prb58471,457
prb35101,458
prb47887,459
prb43650,460
prb06469,461
prb12060,462
prb86779,463
prb93044,464
prb53446,465
prb88770,466
prb30298,467
prb99849,468
prb41603,469
prb71485,470
prb58114,471
prb58843,472
prb47474,473
prb01663,474
prb86501,475
prb70495,476
prb53240,477
prb48668,478
prb25095,479
prb86219,480
prb46137,481
prb75727,482
prb15331,483
prb29021,484
prb04391,485
prb29286,486
prb76656,487
prb06386,488
prb76174,489
prb32125,490
prb47250,491
prb56611,492
prb06644,493
prb82839,494
prb16297,495
prb94254,496
prb00928,497
prb70499,498
prb61624,499
prb12173,500
prb44888,501
prb70094,502
prb55001,503
prb21243,504
prb46090,505
prb68467,506
prb73920,507
prb90915,508
prb42192,509
prb41638,510
prb27801,511
prb05982,512
prb34915,513
prb04441,514
prb80177,515
prb32031,516
prb55160,517
prb62716,518
prb73056,519
prb84663,520
prb50108,521
prb95199,522
prb50250,523
prb36802,524
prb91528,525
prb25751,526
prb21512,527
prb93204,528
prb64851,529
prb90491,530
prb93153,531
prb28852,532
prb79886,533
prb35068,534
prb82895,535
prb79897,536
prb35473,537
prb29730,538
prb59685,539
prb36197,540
prb61626,541
prb21880,542
prb07906,543
prb29035,544
prb76429,545
prb46104,546
prb59746,547
prb98062,548
prb28794,549
prb31805,550
prb89402,551
prb07292,552
prb05159,553
prb65026,554
prb90199,555
prb98362,556
prb90687,557
prb51975,558
prb20274,559
prb99004,560
prb17969,561
prb93029,562
prb47882,563
prb63248,564
prb45038,565
prb26958,566
prb03394,567
prb12617,568
prb97558,569
prb69170,570
prb17004,571
prb32302,572
prb61617,573
prb43774,574
prb98335,575
prb50365,576
prb83023,577
prb51176,578
prb94680,579
prb06080,580
prb09084,581
prb94679,582
prb08141,583
prb99026,584
prb37091,585
prb40515,586
prb73212,587
prb93369,588
prb40012,589
prb24996,590
prb25574,591
prb38452,592
prb81288,593
prb61550,594
prb35311,595
prb70050,596
prb76700,597
prb33334,598
prb12414,599
prb08713,600
prb69541,601
prb18747,602
prb23941,603
prb20841,604
prb45713,605
prb59221,606
prb30641,607
prb17706,608
prb13143,609
prb59084,610
prb12470,611
prb10151,612
prb59668,613
prb23960,614
prb99993,615
prb01464,616
prb45456,617
prb68256,618
prb22463,619
prb43812,620
prb03221,621
prb24208,622
prb45265,623
prb26108,624
prb89626,625
prb82811,626
prb02246,627
prb59542,628
prb48619,629
prb81542,630
prb97043,631
prb57605,632
prb08683,633
prb03558,634
prb86685,635
prb54468,636
prb38457,637
prb36065,638
prb36989,639
prb06089,640
prb32721,641
prb43859,642
prb37282,643
prb28793,644
prb75947,645
prb38249,646
prb35461,647
prb18879,648
prb98473,649
prb53127,650
prb13423,651
prb42573,652
prb66671,653
prb64654,654
prb65101,655
prb61439,656
prb48265,657
prb06209,658
prb44651,659
prb48240,660
prb91198,661
prb54420,662
prb14308,663
prb90233,664
prb41527,665
prb24937,666
prb06024,667
prb16159,668
prb07612,669
prb52304,670
prb16214,671
prb85484,672
prb97919,673
prb02082,674
prb10251,675
prb65171,676
prb17884,677
prb80091,678
prb18214,679
prb15995,680
prb55558,681
prb41645,682
prb70154,683
prb52510,684
prb72510,685
prb14491,686
prb78322,687
prb42064,688
prb36147,689
prb37695,690
prb37883,691
prb41878,692
prb89030,693
prb57065,694
prb82628,695
prb12128,696
prb12261,697
prb21117,698
prb88840,699
prb76956,700
prb66147,701
prb68796,702
prb69064,703
prb91775,704
prb93932,705
prb43784,706
prb81451,707
prb87338,708
prb03931,709
prb43259,710
prb24941,711
prb60222,712
prb87422,713
prb66453,714
prb98142,715
prb98757,716
prb15058,717
prb80337,718
prb53241,719
prb55363,720
prb86775,721
prb99716,722
prb96600,723
prb70118,724
prb81020,725
prb19065,726
prb81341,727
prb87842,728
prb85240,729
prb79096,730
prb70976,731
prb73423,732
prb94150,733
prb28530,734
prb76837,735
prb81418,736
prb71881,737
prb25139,738
prb26121,739
prb14291,740
prb15920,741
prb80678,742
prb87487,743
prb83421,744
prb11109,745
prb52784,746
prb17728,747
prb21719,748
prb66341,749
prb60706,750
prb07031,751
prb73697,752
prb60716,753
prb43196,754
prb66901,755
prb15235,756
prb23937,757
prb35146,758
prb42555,759
prb01511,760
prb78729,761
prb61531,762
prb78442,763
prb15147,764
prb08926,765
prb42537,766
prb99693,767
prb66485,768
prb36428,769
prb70408,770
prb71948,771
prb80745,772
prb28081,773
prb78660,774
prb38606,775
prb28744,776
prb87473,777
prb27230,778
prb08039,779
prb90632,780
prb73074,781
prb39720,782
prb46697,783
prb49878,784
prb54314,785
prb76072,786
prb65840,787
prb62763,788
prb81590,789
prb77032,790
prb38896,791
prb02387,792
prb98358,793
prb03812,794
prb65073,795
prb44104,796
prb38379,797
prb25987,798
prb88798,799
prb64515,800
prb95891,801
prb32133,802
prb39518,803
prb97013,804
prb78866,805
prb19150,806
prb47610,807
prb13212,808
prb87405,809
prb07041,810
prb31986,811
prb87423,812
prb20456,813
prb84091,814
prb33459,815
prb27799,816
prb85263,817
prb83137,818
prb20754,819
prb88781,820
prb59221,821
prb54624,822
prb37087,823
prb65593,824
prb47314,825
prb30666,826
prb47683,827
prb82425,828
prb19229,829
prb46105,830
prb47061,831
prb77938,832
prb26134,833
prb78222,834
prb91124,835
prb96910,836
prb20302,837
prb60615,838
prb89044,839
prb29107,840
prb98073,841
prb26533,842
prb27135,843
prb77113,844
prb32564,845
prb04129,846
prb53307,847
prb52560,848
prb42703,849
prb93875,850
prb20306,851
prb03177,852
prb93651,853
prb61750,854
prb77738,855
prb34117,856
prb25285,857
prb88824,858
prb50991,859
prb31335,860
prb19711,861
prb92991,862
prb16946,863
prb81683,864
prb35150,865
prb01560,866
prb45732,867
prb42188,868
prb36183,869
prb62229,870
prb67827,871
prb72590,872
prb42804,873
prb13502,874
prb23630,875
prb16831,876
prb96096,877
prb03247,878
prb98313,879
prb38282,880
prb89616,881
prb46146,882
prb87955,883
prb12757,884
prb35287,885
prb09872,886
prb64157,887
prb37396,888
prb31841,889
prb20598,890
prb42938,891
prb89140,892
prb49220,893
prb39232,894
prb76312,895
prb21373,896
prb38445,897
prb88245,898
prb30529,899
prb41738,900
prb60228,901
prb47316,902
prb11556,903
prb51960,904
prb74484,905
prb92323,906
prb26921,907
prb08328,908
prb84380,909
prb07985,910
prb32007,911
prb39749,912
prb20951,913
prb58023,914
prb07822,915
prb07914,916
prb84868,917
prb92414,918
prb73054,919
prb79606,920
prb09487,921
prb64596,922
prb91200,923
prb42281,924
prb53075,925
prb85516,926
prb63939,927
prb02000,928
prb07553,929
prb13813,930
prb94567,931
prb51779,932
prb82942,933
prb65218,934
prb81829,935
prb98138,936
prb87191,937
prb88090,938
prb98716,939
prb56880,940
prb65371,941
prb40313,942
prb27758,943
prb50024,944
prb12672,945
prb46019,946
prb29298,947
prb54227,948
prb10590,949
prb11069,950
prb51740,951
prb03477,952
prb65227,953
prb66745,954
prb92518,955
prb03349,956
prb88815,957
prb50554,958
prb29411,959
prb10560,960
prb90810,961
prb12104,962
prb98818,963
prb38130,964
prb57223,965
prb99033,966
prb58954,967
prb48486,968
prb00437,969
prb86856,970
prb68929,971
prb62085,972
prb28830,973
prb09481,974
prb62484,975
prb55824,976
prb51498,977
prb22524,978
prb55237,979
prb83602,980
prb03247,981
prb73844,982
prb89167,983
prb77109,984
prb66786,985
prb74106,986
prb43606,987
prb93203,988
prb14658,989
prb10797,990
prb32196,991
prb88533,992
prb48051,993
prb46984,994
prb58805,995
prb75760,996
prb32823,997
prb19670,998
prb83789,999
prb86092,1000
